{
  "timestamp": "2025-05-07T09:25:44.602Z",
  "getRequests": {
    "base": {
      "times": [
        216.110167,
        38.806042,
        35.244708,
        33.120541,
        33.561916
      ],
      "avgTime": 71.3686748,
      "minTime": 33.120541,
      "maxTime": 216.110167,
      "successRate": 100,
      "rps": 4749
    },
    "optimized": {
      "times": [
        120.150333,
        22.601083,
        23.775542,
        22.487625,
        27.237792
      ],
      "avgTime": 43.25047500000001,
      "minTime": 22.487625,
      "maxTime": 120.150333,
      "successRate": 100,
      "rps": 7032
    }
  },
  "addRequests": {
    "base": {
      "times": [
        93.660375,
        104.351916,
        93.615458,
        91.684625,
        90.192667
      ],
      "avgTime": 94.7010082,
      "minTime": 90.192667,
      "maxTime": 104.351916,
      "successRate": 100,
      "rps": 2117
    },
    "optimized": {
      "times": [
        66.035167,
        63.6105,
        67.346792,
        64.6415,
        44.068625
      ],
      "avgTime": 61.1405168,
      "minTime": 44.068625,
      "maxTime": 67.346792,
      "successRate": 100,
      "rps": 3354
    }
  },
  "cachingPerformance": {
    "firstRequestTime": 0.886542,
    "subsequentAvgTime": 0.17560164,
    "improvement": 80.19251879775578
  },
  "comparison": {
    "getSpeedImprovement": 39.39851745712951,
    "addSpeedImprovement": 35.438367592796126,
    "getThroughputImprovement": 48.07327858496526,
    "addThroughputImprovement": 58.431743032593296
  }
}